[
    {
        "escopo": 0,
        "funcao": true,
        "iniciado": false,
        "matriz": false,
        "nome": "somar",
        "parametro": false,
        "pos_param": 0,
        "proc": false,
        "ref": false,
        "tipo": "int",
        "usado": false,
        "vetor": false
    },
    {
        "escopo": 0,
        "funcao": false,
        "iniciado": false,
        "matriz": false,
        "nome": "a",
        "parametro": true,
        "pos_param": 0,
        "proc": false,
        "ref": false,
        "tipo": "int",
        "usado": false,
        "vetor": false
    },
    {
        "escopo": 0,
        "funcao": false,
        "iniciado": false,
        "matriz": false,
        "nome": "b",
        "parametro": true,
        "pos_param": 0,
        "proc": false,
        "ref": false,
        "tipo": "int",
        "usado": false,
        "vetor": false
    },
    {
        "escopo": 0,
        "funcao": true,
        "iniciado": false,
        "matriz": false,
        "nome": "main",
        "parametro": false,
        "pos_param": 0,
        "proc": false,
        "ref": false,
        "tipo": "int",
        "usado": false,
        "vetor": false
    }
]