[
    {
        "escopo": 0,
        "funcao": true,
        "iniciado": false,
        "matriz": false,
        "nome": "func",
        "parametro": false,
        "pos_param": 0,
        "proc": false,
        "ref": false,
        "tipo": "int",
        "usado": false,
        "vetor": false
    },
    {
        "escopo": 0,
        "funcao": false,
        "iniciado": true,
        "matriz": false,
        "nome": "parm",
        "parametro": true,
        "pos_param": 0,
        "proc": false,
        "ref": false,
        "tipo": "int",
        "usado": false,
        "vetor": false
    },
    {
        "escopo": 0,
        "funcao": true,
        "iniciado": false,
        "matriz": false,
        "nome": "soma",
        "parametro": false,
        "pos_param": 0,
        "proc": false,
        "ref": false,
        "tipo": "int",
        "usado": false,
        "vetor": false
    },
    {
        "escopo": 0,
        "funcao": false,
        "iniciado": true,
        "matriz": false,
        "nome": "b",
        "parametro": true,
        "pos_param": 0,
        "proc": false,
        "ref": false,
        "tipo": "int",
        "usado": false,
        "vetor": false
    },
    {
        "escopo": 0,
        "funcao": true,
        "iniciado": false,
        "matriz": false,
        "nome": "main",
        "parametro": false,
        "pos_param": 0,
        "proc": false,
        "ref": false,
        "tipo": "int",
        "usado": false,
        "vetor": false
    },
    {
        "escopo": 3,
        "funcao": false,
        "iniciado": false,
        "matriz": false,
        "nome": "a",
        "parametro": false,
        "pos_param": 0,
        "proc": false,
        "ref": false,
        "tipo": "int",
        "usado": true,
        "vetor": false
    }
]